{
  "anchors": [
    1.03,
    0.94,
    1.41,
    1.25,
    1.59,
    1.47,
    1.94,
    1.75,
    1.22,
    1.09
  ],
  "inputs": {
    "input0": [
      224,
      224,
      3
    ]
  },
  "outputs": {
    "output0": [
      7,
      7,
      30
    ]
  },
  "params_quantity": 1856046,
  "loss": [
    [
      1,
      0.30348
    ],
    [
      2,
      0.12568
    ],
    [
      3,
      0.11138
    ],
    [
      4,
      0.07017
    ],
    [
      5,
      0.08152
    ],
    [
      6,
      0.09523
    ],
    [
      7,
      0.0167
    ],
    [
      8,
      0.0135
    ],
    [
      9,
      0.00868
    ],
    [
      10,
      0.00669
    ],
    [
      11,
      0.00526
    ],
    [
      12,
      0.00463
    ],
    [
      13,
      0.00484
    ],
    [
      14,
      0.00376
    ],
    [
      15,
      0.00379
    ],
    [
      16,
      0.00313
    ],
    [
      17,
      0.00311
    ],
    [
      18,
      0.00286
    ],
    [
      19,
      0.00257
    ],
    [
      20,
      0.0025
    ],
    [
      21,
      0.00231
    ],
    [
      22,
      0.00236
    ],
    [
      23,
      0.00235
    ],
    [
      24,
      0.00194
    ],
    [
      25,
      0.00207
    ],
    [
      26,
      0.00199
    ],
    [
      27,
      0.00201
    ],
    [
      28,
      0.00198
    ],
    [
      29,
      0.00197
    ],
    [
      30,
      0.00166
    ],
    [
      31,
      0.00145
    ],
    [
      32,
      0.00151
    ],
    [
      33,
      0.00151
    ],
    [
      34,
      0.00137
    ],
    [
      35,
      0.00131
    ],
    [
      36,
      0.00143
    ],
    [
      37,
      0.00128
    ],
    [
      38,
      0.00131
    ],
    [
      39,
      0.00125
    ],
    [
      40,
      0.00138
    ],
    [
      41,
      0.00115
    ],
    [
      42,
      0.00104
    ],
    [
      43,
      0.00101
    ],
    [
      44,
      0.00102
    ],
    [
      45,
      0.00096
    ],
    [
      46,
      0.00106
    ],
    [
      47,
      0.00087
    ],
    [
      48,
      0.00083
    ],
    [
      49,
      0.00081
    ],
    [
      50,
      0.00108
    ],
    [
      51,
      0.00086
    ],
    [
      52,
      0.00095
    ],
    [
      53,
      0.00076
    ],
    [
      54,
      0.00069
    ],
    [
      55,
      0.00091
    ],
    [
      56,
      0.00094
    ],
    [
      57,
      0.0007
    ],
    [
      58,
      0.00059
    ],
    [
      59,
      0.00063
    ],
    [
      60,
      0.00062
    ],
    [
      61,
      0.00078
    ],
    [
      62,
      0.0008
    ],
    [
      63,
      0.0008
    ],
    [
      64,
      0.00065
    ],
    [
      65,
      0.00056
    ],
    [
      66,
      0.00063
    ],
    [
      67,
      0.00051
    ],
    [
      68,
      0.0005
    ],
    [
      69,
      0.00049
    ],
    [
      70,
      0.00051
    ],
    [
      71,
      0.00051
    ],
    [
      72,
      0.00047
    ],
    [
      73,
      0.00043
    ],
    [
      74,
      0.00041
    ],
    [
      75,
      0.00043
    ],
    [
      76,
      0.00042
    ],
    [
      77,
      0.00042
    ],
    [
      78,
      0.00038
    ],
    [
      79,
      0.00038
    ],
    [
      80,
      0.00039
    ],
    [
      81,
      0.00053
    ],
    [
      82,
      0.00045
    ],
    [
      83,
      0.00039
    ],
    [
      84,
      0.00033
    ],
    [
      85,
      0.00037
    ],
    [
      86,
      0.00033
    ],
    [
      87,
      0.00034
    ],
    [
      88,
      0.00032
    ],
    [
      89,
      0.00033
    ],
    [
      90,
      0.00032
    ],
    [
      91,
      0.00032
    ],
    [
      92,
      0.00033
    ],
    [
      93,
      0.0003
    ],
    [
      94,
      0.00035
    ],
    [
      95,
      0.00031
    ],
    [
      96,
      0.00028
    ],
    [
      97,
      0.00028
    ],
    [
      98,
      0.0003
    ],
    [
      99,
      0.00031
    ],
    [
      100,
      0.00034
    ]
  ],
  "acc": [
    [
      1,
      0.37782
    ],
    [
      2,
      0.40429
    ],
    [
      3,
      0.42164
    ],
    [
      4,
      0.44552
    ],
    [
      5,
      0.45466
    ],
    [
      6,
      0.29971
    ],
    [
      7,
      0.28043
    ],
    [
      8,
      0.28401
    ],
    [
      9,
      0.29106
    ],
    [
      10,
      0.2883
    ],
    [
      11,
      0.28729
    ],
    [
      12,
      0.28503
    ],
    [
      13,
      0.28404
    ],
    [
      14,
      0.28619
    ],
    [
      15,
      0.286
    ],
    [
      16,
      0.28755
    ],
    [
      17,
      0.28582
    ],
    [
      18,
      0.28543
    ],
    [
      19,
      0.2838
    ],
    [
      20,
      0.28478
    ],
    [
      21,
      0.28492
    ],
    [
      22,
      0.28236
    ],
    [
      23,
      0.28531
    ],
    [
      24,
      0.28589
    ],
    [
      25,
      0.28443
    ],
    [
      26,
      0.28557
    ],
    [
      27,
      0.28859
    ],
    [
      28,
      0.28856
    ],
    [
      29,
      0.28896
    ],
    [
      30,
      0.2876
    ],
    [
      31,
      0.28833
    ],
    [
      32,
      0.28797
    ],
    [
      33,
      0.28852
    ],
    [
      34,
      0.28814
    ],
    [
      35,
      0.28925
    ],
    [
      36,
      0.289
    ],
    [
      37,
      0.28837
    ],
    [
      38,
      0.28653
    ],
    [
      39,
      0.2873
    ],
    [
      40,
      0.28869
    ],
    [
      41,
      0.28909
    ],
    [
      42,
      0.28886
    ],
    [
      43,
      0.28958
    ],
    [
      44,
      0.28947
    ],
    [
      45,
      0.28915
    ],
    [
      46,
      0.28888
    ],
    [
      47,
      0.29007
    ],
    [
      48,
      0.29038
    ],
    [
      49,
      0.29054
    ],
    [
      50,
      0.29069
    ],
    [
      51,
      0.29089
    ],
    [
      52,
      0.2912
    ],
    [
      53,
      0.29248
    ],
    [
      54,
      0.29178
    ],
    [
      55,
      0.2909
    ],
    [
      56,
      0.29218
    ],
    [
      57,
      0.2919
    ],
    [
      58,
      0.2905
    ],
    [
      59,
      0.28985
    ],
    [
      60,
      0.29184
    ],
    [
      61,
      0.29162
    ],
    [
      62,
      0.29213
    ],
    [
      63,
      0.29254
    ],
    [
      64,
      0.29272
    ],
    [
      65,
      0.29285
    ],
    [
      66,
      0.29333
    ],
    [
      67,
      0.293
    ],
    [
      68,
      0.29205
    ],
    [
      69,
      0.29113
    ],
    [
      70,
      0.29119
    ],
    [
      71,
      0.29234
    ],
    [
      72,
      0.29222
    ],
    [
      73,
      0.29243
    ],
    [
      74,
      0.29178
    ],
    [
      75,
      0.29281
    ],
    [
      76,
      0.2925
    ],
    [
      77,
      0.29324
    ],
    [
      78,
      0.29167
    ],
    [
      79,
      0.29142
    ],
    [
      80,
      0.29192
    ],
    [
      81,
      0.29205
    ],
    [
      82,
      0.29198
    ],
    [
      83,
      0.29159
    ],
    [
      84,
      0.29101
    ],
    [
      85,
      0.29014
    ],
    [
      86,
      0.29141
    ],
    [
      87,
      0.29177
    ],
    [
      88,
      0.29291
    ],
    [
      89,
      0.29181
    ],
    [
      90,
      0.29136
    ],
    [
      91,
      0.2906
    ],
    [
      92,
      0.2916
    ],
    [
      93,
      0.29221
    ],
    [
      94,
      0.2902
    ],
    [
      95,
      0.29092
    ],
    [
      96,
      0.29166
    ],
    [
      97,
      0.29154
    ],
    [
      98,
      0.29261
    ],
    [
      99,
      0.29262
    ],
    [
      100,
      0.29174
    ]
  ],